<?xml version="1.0" encoding="UTF-8"?>
<project-private xmlns="http://www.netbeans.org/ns/project-private/1">
    <editor-bookmarks xmlns="http://www.netbeans.org/ns/editor-bookmarks/2" lastBookmarkId="0"/>
    <open-files xmlns="http://www.netbeans.org/ns/projectui-open-files/2">
        <group>
            <file>file:/C:/Users/20169311/Documents/Year%203/Quartile%203/2ID90/Assignments/Assignment%201/assignment1-2020-02.05/2ID90/assignment1/DraughtsPlugin/src/nl/tue/s2id90/group93/DraughtsNode.java</file>
            <file>file:/C:/Users/20169311/Documents/Year%203/Quartile%203/2ID90/Assignments/Assignment%201/assignment1-2020-02.05/2ID90/assignment1/DraughtsPlugin/src/nl/tue/s2id90/group93/DraughtsPlayerTI.java</file>
            <file>file:/C:/Users/20169311/Documents/Year%203/Quartile%203/2ID90/Assignments/Assignment%201/assignment1-2020-02.05/2ID90/assignment1/DraughtsPlugin/src/nl/tue/s2id90/group93/samples/UninformedPlayer.java</file>
            <file>file:/C:/Users/20169311/Documents/Year%203/Quartile%203/2ID90/Assignments/Assignment%201/assignment1-2020-02.05/2ID90/assignment1/DraughtsPlugin/src/nl/tue/s2id90/group93/MyDraughtsPlugin.java</file>
            <file>file:/C:/Users/20169311/Documents/Year%203/Quartile%203/2ID90/Assignments/Assignment%201/assignment1-2020-02.05/2ID90/assignment1/DraughtsPlugin/src/nl/tue/s2id90/group93/samples/OptimisticPlayer.java</file>
        </group>
    </open-files>
</project-private>
